{
  "auditDetails": {
    "benchmarkId": "1.6.2 & 1.6.3",
    "title": "Warning Banners (motd & issue.net)",
    "timestamp": "2025-10-30T16:48:20Z"
  },
  "systemState": {
    "status": "Compliant",
    "settings": [
      {"file": "/etc/motd", "name": "MOTD Banner", "status": "Compliant", "owner": "root:root", "permissions": "644"},{"file": "/etc/issue.net", "name": "Remote Banner", "status": "Compliant", "owner": "root:root", "permissions": "644"},{"file": "/etc/ssh/sshd_config", "name": "SSHD Banner Config", "status": "Compliant", "value": "Banner /etc/issue.net"}
    ]
  }
}
