{
  "auditDetails": {
    "benchmarkId": "1.7.6",
    "title": "Ensure GDM automatic mounting of removable media is disabled",
    "timestamp": "2025-10-30T05:23:58Z"
  },
  "systemState": {
    "status": "Non-Compliant",
    "settings": [
      {
        "key": "/org/gnome/desktop/media-handling/automount",
        "value": "false",
        "is_locked": false
      },
      {
        "key": "/org/gnome/desktop/media-handling/automount-open",
        "value": "false",
        "is_locked": false
      }
    ]
  }
}
