{
  "benchmarkDetails": {
    "id": "4.2.7",
    "category": "UFW",
    "title": "Ensure ufw default deny firewall policy"
  },
  "systemState": {
    "beforeHarden": {
      "status": "Non-Compliant",
      "summary": "Firewall was either inactive or had default 'allow' policies.",
      "settings": [
        {
          "key": "ufw_status",
          "value": "inactive (or active with default allow)"
        },
        {
          "key": "policy_input",
          "value": "allow"
        },
        {
          "key": "policy_output",
          "value": "allow"
        },
        {
          "key": "policy_forward",
          "value": "allow"
        }
      ]
    },
    "afterHarden": {
      "status": "Compliant",
      "summary": "Firewall is active and all default policies are set to 'deny'.",
      "settings": [
        {
          "key": "ufw_status",
          "value": "active"
        },
        {
          "key": "policy_input",
          "value": "deny"
        },
        {
          "key": "policy_output",
          "value": "deny"
        },
        {
          "key": "policy_forward",
          "value": "deny"
        }
      ],
      "explicit_rules_added": [
        {
          "rule": "Allow Loopback (lo)",
          "purpose": "Allow system's internal services to communicate."
        },
        {
          "rule": "Allow SSH (port 22/tcp)",
          "purpose": "Prevent being locked out of the machine."
        }
      ]
    }
  }
}
